Tier,Region,Country/Entity,Organization,Language,Domain,Feed_URL
1,North America,United States,CNN,English,cnn.com,https://news.google.com/rss/search?q=site%3Acnn.com+-sports+-entertainment+-celebrity+-lifestyle+-health+-weather+-travel+-food+-fashion+-music+-movies+-hollywood+-gaming+-science+-culture+-arts+-obituary+-recipe+-review+-local+-business&hl=en
1,North America,United States,Fox News,English,foxnews.com,https://news.google.com/rss/search?q=site%3Afoxnews.com+-sports+-entertainment+-celebrity+-lifestyle+-health+-weather+-travel+-food+-fashion+-music+-movies+-hollywood+-gaming+-science+-culture+-arts+-obituary+-recipe+-review+-local+-business&hl=en
1,North America,United States,MSNBC,English,msnbc.com,https://news.google.com/rss/search?q=site%3Amsnbc.com+-sports+-entertainment+-celebrity+-lifestyle+-health+-weather+-travel+-food+-fashion+-music+-movies+-hollywood+-gaming+-science+-culture+-arts+-obituary+-recipe+-review+-local+-business&hl=en
1,North America,United States,Washington Post,English,washingtonpost.com,https://news.google.com/rss/search?q=site%3Awashingtonpost.com+-sports+-entertainment+-celebrity+-lifestyle+-health+-weather+-travel+-food+-fashion+-music+-movies+-hollywood+-gaming+-science+-culture+-arts+-obituary+-recipe+-review+-local+-business&hl=en
1,North America,United States,New York Times,English,nytimes.com,https://news.google.com/rss/search?q=site%3Anytimes.com+-sports+-entertainment+-celebrity+-lifestyle+-health+-weather+-travel+-food+-fashion+-music+-movies+-hollywood+-gaming+-science+-culture+-arts+-obituary+-recipe+-review+-local+-business&hl=en
1,North America,United States,Wall Street Journal,English,wsj.com,https://news.google.com/rss/search?q=site%3Awsj.com+-sports+-entertainment+-celebrity+-lifestyle+-health+-weather+-travel+-food+-fashion+-music+-movies+-hollywood+-gaming+-science+-culture+-arts+-obituary+-recipe+-review+-local+-business&hl=en
1,North America,United States,Associated Press,English,apnews.com,https://news.google.com/rss/search?q=site%3Aapnews.com+-sports+-entertainment+-celebrity+-lifestyle+-health+-weather+-travel+-food+-fashion+-music+-movies+-hollywood+-gaming+-science+-culture+-arts+-obituary+-recipe+-review+-local+-business&hl=en
1,North America,United States,Reuters,English,reuters.com,https://news.google.com/rss/search?q=site%3Areuters.com+-sports+-entertainment+-celebrity+-lifestyle+-health+-weather+-travel+-food+-fashion+-music+-movies+-hollywood+-gaming+-science+-culture+-arts+-obituary+-recipe+-review+-local+-business&hl=en
1,North America,United States,NPR,English,npr.org,https://news.google.com/rss/search?q=site%3Anpr.org+-sports+-entertainment+-celebrity+-lifestyle+-health+-weather+-travel+-food+-fashion+-music+-movies+-hollywood+-gaming+-science+-culture+-arts+-obituary+-recipe+-review+-local+-business&hl=en
1,North America,United States,Voice of America,English,voanews.com,https://news.google.com/rss/search?q=site%3Avoanews.com+-sports+-entertainment+-celebrity+-lifestyle+-health+-weather+-travel+-food+-fashion+-music+-movies+-hollywood+-gaming+-science+-culture+-arts+-obituary+-recipe+-review+-local+-business&hl=en
1,Asia,China,CGTN,English,cgtn.com,https://news.google.com/rss/search?q=site%3Acgtn.com+-sports+-entertainment+-celebrity+-lifestyle+-health+-weather+-travel+-food+-fashion+-music+-movies+-hollywood+-gaming+-science+-culture+-arts+-obituary+-recipe+-review+-local+-business&hl=en
1,Asia,China,Xinhua,English,xinhuanet.com,https://news.google.com/rss/search?q=site%3Axinhuanet.com+-sports+-entertainment+-celebrity+-lifestyle+-health+-weather+-travel+-food+-fashion+-music+-movies+-hollywood+-gaming+-science+-culture+-arts+-obituary+-recipe+-review+-local+-business&hl=en
1,Asia,China,China Daily,English,chinadaily.com.cn,https://news.google.com/rss/search?q=site%3Achinadaily.com.cn+-sports+-entertainment+-celebrity+-lifestyle+-health+-weather+-travel+-food+-fashion+-music+-movies+-hollywood+-gaming+-science+-culture+-arts+-obituary+-recipe+-review+-local+-business&hl=en
1,Asia,China,Global Times,English,globaltimes.cn,https://news.google.com/rss/search?q=site%3Aglobaltimes.cn+-sports+-entertainment+-celebrity+-lifestyle+-health+-weather+-travel+-food+-fashion+-music+-movies+-hollywood+-gaming+-science+-culture+-arts+-obituary+-recipe+-review+-local+-business&hl=en
1,Asia,China,People's Daily,English,en.people.cn,https://news.google.com/rss/search?q=site%3Aen.people.cn+-sports+-entertainment+-celebrity+-lifestyle+-health+-weather+-travel+-food+-fashion+-music+-movies+-hollywood+-gaming+-science+-culture+-arts+-obituary+-recipe+-review+-local+-business&hl=en
1,Asia,China,Xinhua,Chinese,xinhuanet.com,https://news.google.com/rss/search?q=site%3Axinhuanet.com+-sports+-entertainment+-celebrity+-lifestyle+-health+-weather+-travel+-food+-fashion+-music+-movies+-hollywood+-gaming+-science+-culture+-arts+-obituary+-recipe+-review+-local+-business&hl=zh
1,Asia,China,People's Daily,Chinese,people.com.cn,https://news.google.com/rss/search?q=site%3Apeople.com.cn+-sports+-entertainment+-celebrity+-lifestyle+-health+-weather+-travel+-food+-fashion+-music+-movies+-hollywood+-gaming+-science+-culture+-arts+-obituary+-recipe+-review+-local+-business&hl=zh
1,Europe,Russia,RT,English,rt.com,https://news.google.com/rss/search?q=site%3Art.com+-sports+-entertainment+-celebrity+-lifestyle+-health+-weather+-travel+-food+-fashion+-music+-movies+-hollywood+-gaming+-science+-culture+-arts+-obituary+-recipe+-review+-local+-business&hl=en
1,Europe,Russia,Sputnik,English,sputniknews.com,https://news.google.com/rss/search?q=site%3Asputniknews.com+-sports+-entertainment+-celebrity+-lifestyle+-health+-weather+-travel+-food+-fashion+-music+-movies+-hollywood+-gaming+-science+-culture+-arts+-obituary+-recipe+-review+-local+-business&hl=en
1,Europe,Russia,TASS,English,tass.com,https://news.google.com/rss/search?q=site%3Atass.com+-sports+-entertainment+-celebrity+-lifestyle+-health+-weather+-travel+-food+-fashion+-music+-movies+-hollywood+-gaming+-science+-culture+-arts+-obituary+-recipe+-review+-local+-business&hl=en
1,Europe,Russia,RT,Russian,rt.com,https://news.google.com/rss/search?q=site%3Art.com+-sports+-entertainment+-celebrity+-lifestyle+-health+-weather+-travel+-food+-fashion+-music+-movies+-hollywood+-gaming+-science+-culture+-arts+-obituary+-recipe+-review+-local+-business&hl=ru
1,Europe,Russia,Sputnik,Russian,sputnik.ru,https://news.google.com/rss/search?q=site%3Asputnik.ru+-sports+-entertainment+-celebrity+-lifestyle+-health+-weather+-travel+-food+-fashion+-music+-movies+-hollywood+-gaming+-science+-culture+-arts+-obituary+-recipe+-review+-local+-business&hl=ru
1,Europe,Russia,TASS,Russian,tass.ru,https://news.google.com/rss/search?q=site%3Atass.ru+-sports+-entertainment+-celebrity+-lifestyle+-health+-weather+-travel+-food+-fashion+-music+-movies+-hollywood+-gaming+-science+-culture+-arts+-obituary+-recipe+-review+-local+-business&hl=ru
2,Europe,European Union,Euronews,English,euronews.com,https://news.google.com/rss/search?q=site%3Aeuronews.com+-sports+-entertainment+-celebrity+-lifestyle+-health+-weather+-travel+-food+-fashion+-music+-movies+-hollywood+-gaming+-science+-culture+-arts+-obituary+-recipe+-review+-local+-business&hl=en
2,Europe,European Union,EurActiv,English,euractiv.com,https://news.google.com/rss/search?q=site%3Aeuractiv.com+-sports+-entertainment+-celebrity+-lifestyle+-health+-weather+-travel+-food+-fashion+-music+-movies+-hollywood+-gaming+-science+-culture+-arts+-obituary+-recipe+-review+-local+-business&hl=en
2,Europe,Germany,Deutsche Welle,English,dw.com,https://news.google.com/rss/search?q=site%3Adw.com+-sports+-entertainment+-celebrity+-lifestyle+-health+-weather+-travel+-food+-fashion+-music+-movies+-hollywood+-gaming+-science+-culture+-arts+-obituary+-recipe+-review+-local+-business&hl=en
2,Europe,Germany,Der Spiegel,English,spiegel.de,https://news.google.com/rss/search?q=site%3Aspiegel.de+-sports+-entertainment+-celebrity+-lifestyle+-health+-weather+-travel+-food+-fashion+-music+-movies+-hollywood+-gaming+-science+-culture+-arts+-obituary+-recipe+-review+-local+-business&hl=en
2,Europe,Germany,Der Spiegel,German,spiegel.de,https://news.google.com/rss/search?q=site%3Aspiegel.de+-sports+-entertainment+-celebrity+-lifestyle+-health+-weather+-travel+-food+-fashion+-music+-movies+-hollywood+-gaming+-science+-culture+-arts+-obituary+-recipe+-review+-local+-business&hl=de
2,Europe,Germany,Frankfurter Allgemeine,German,faz.net,https://news.google.com/rss/search?q=site%3Afaz.net+-sports+-entertainment+-celebrity+-lifestyle+-health+-weather+-travel+-food+-fashion+-music+-movies+-hollywood+-gaming+-science+-culture+-arts+-obituary+-recipe+-review+-local+-business&hl=de
2,Europe,Germany,Süddeutsche Zeitung,German,sueddeutsche.de,https://news.google.com/rss/search?q=site%3Asueddeutsche.de+-sports+-entertainment+-celebrity+-lifestyle+-health+-weather+-travel+-food+-fashion+-music+-movies+-hollywood+-gaming+-science+-culture+-arts+-obituary+-recipe+-review+-local+-business&hl=de
2,Europe,France,France 24,English,france24.com,https://news.google.com/rss/search?q=site%3Afrance24.com+-sports+-entertainment+-celebrity+-lifestyle+-health+-weather+-travel+-food+-fashion+-music+-movies+-hollywood+-gaming+-science+-culture+-arts+-obituary+-recipe+-review+-local+-business&hl=en
2,Europe,France,AFP,English,afp.com,https://news.google.com/rss/search?q=site%3Aafp.com+-sports+-entertainment+-celebrity+-lifestyle+-health+-weather+-travel+-food+-fashion+-music+-movies+-hollywood+-gaming+-science+-culture+-arts+-obituary+-recipe+-review+-local+-business&hl=en
2,Europe,France,Le Monde,French,lemonde.fr,https://news.google.com/rss/search?q=site%3Alemonde.fr+-sports+-entertainment+-celebrity+-lifestyle+-health+-weather+-travel+-food+-fashion+-music+-movies+-hollywood+-gaming+-science+-culture+-arts+-obituary+-recipe+-review+-local+-business&hl=fr
2,Europe,France,Le Figaro,French,lefigaro.fr,https://news.google.com/rss/search?q=site%3Alefigaro.fr+-sports+-entertainment+-celebrity+-lifestyle+-health+-weather+-travel+-food+-fashion+-music+-movies+-hollywood+-gaming+-science+-culture+-arts+-obituary+-recipe+-review+-local+-business&hl=fr
2,Europe,France,France 24,French,france24.com,https://news.google.com/rss/search?q=site%3Afrance24.com+-sports+-entertainment+-celebrity+-lifestyle+-health+-weather+-travel+-food+-fashion+-music+-movies+-hollywood+-gaming+-science+-culture+-arts+-obituary+-recipe+-review+-local+-business&hl=fr
2,Europe,United Kingdom,BBC World,English,bbc.com,https://news.google.com/rss/search?q=site%3Abbc.com+-sports+-entertainment+-celebrity+-lifestyle+-health+-weather+-travel+-food+-fashion+-music+-movies+-hollywood+-gaming+-science+-culture+-arts+-obituary+-recipe+-review+-local+-business&hl=en
2,Europe,United Kingdom,Sky News,English,skynews.com,https://news.google.com/rss/search?q=site%3Askynews.com+-sports+-entertainment+-celebrity+-lifestyle+-health+-weather+-travel+-food+-fashion+-music+-movies+-hollywood+-gaming+-science+-culture+-arts+-obituary+-recipe+-review+-local+-business&hl=en
2,Europe,United Kingdom,The Guardian,English,theguardian.com,https://news.google.com/rss/search?q=site%3Atheguardian.com+-sports+-entertainment+-celebrity+-lifestyle+-health+-weather+-travel+-food+-fashion+-music+-movies+-hollywood+-gaming+-science+-culture+-arts+-obituary+-recipe+-review+-local+-business&hl=en
2,Europe,United Kingdom,Financial Times,English,ft.com,https://news.google.com/rss/search?q=site%3Aft.com+-sports+-entertainment+-celebrity+-lifestyle+-health+-weather+-travel+-food+-fashion+-music+-movies+-hollywood+-gaming+-science+-culture+-arts+-obituary+-recipe+-review+-local+-business&hl=en
2,Europe,United Kingdom,The Telegraph,English,telegraph.co.uk,https://news.google.com/rss/search?q=site%3Ategraph.co.uk+-sports+-entertainment+-celebrity+-lifestyle+-health+-weather+-travel+-food+-fashion+-music+-movies+-hollywood+-gaming+-science+-culture+-arts+-obituary+-recipe+-review+-local+-business&hl=en
2,Europe,United Kingdom,The Times,English,thetimes.co.uk,https://news.google.com/rss/search?q=site%3Athetimes.co.uk+-sports+-entertainment+-celebrity+-lifestyle+-health+-weather+-travel+-food+-fashion+-music+-movies+-hollywood+-gaming+-science+-culture+-arts+-obituary+-recipe+-review+-local+-business&hl=en
2,Europe,Italy,ANSA,English,ansa.it,https://news.google.com/rss/search?q=site%3Aansa.it+-sports+-entertainment+-celebrity+-lifestyle+-health+-weather+-travel+-food+-fashion+-music+-movies+-hollywood+-gaming+-science+-culture+-arts+-obituary+-recipe+-review+-local+-business&hl=en
2,Europe,Italy,La Repubblica,Italian,repubblica.it,https://news.google.com/rss/search?q=site%3Arepubblica.it+-sports+-entertainment+-celebrity+-lifestyle+-health+-weather+-travel+-food+-fashion+-music+-movies+-hollywood+-gaming+-science+-culture+-arts+-obituary+-recipe+-review+-local+-business&hl=it
2,Europe,Italy,Corriere della Sera,Italian,corriere.it,https://news.google.com/rss/search?q=site%3Acorriere.it+-sports+-entertainment+-celebrity+-lifestyle+-health+-weather+-travel+-food+-fashion+-music+-movies+-hollywood+-gaming+-science+-culture+-arts+-obituary+-recipe+-review+-local+-business&hl=it
2,Europe,Spain,El País,Spanish,elpais.com,https://news.google.com/rss/search?q=site%3Aelpais.com+-sports+-entertainment+-celebrity+-lifestyle+-health+-weather+-travel+-food+-fashion+-music+-movies+-hollywood+-gaming+-science+-culture+-arts+-obituary+-recipe+-review+-local+-business&hl=es
2,Europe,Spain,El País,English,english.elpais.com,https://news.google.com/rss/search?q=site%3Aenglish.elpais.com+-sports+-entertainment+-celebrity+-lifestyle+-health+-weather+-travel+-food+-fashion+-music+-movies+-hollywood+-gaming+-science+-culture+-arts+-obituary+-recipe+-review+-local+-business&hl=en
2,Europe,Spain,El Mundo,Spanish,elmundo.es,https://news.google.com/rss/search?q=site%3Aelmundo.es+-sports+-entertainment+-celebrity+-lifestyle+-health+-weather+-travel+-food+-fashion+-music+-movies+-hollywood+-gaming+-science+-culture+-arts+-obituary+-recipe+-review+-local+-business&hl=es
2,Asia,India,WION,English,wionews.com,https://news.google.com/rss/search?q=site%3Awionews.com+-sports+-entertainment+-celebrity+-lifestyle+-health+-weather+-travel+-food+-fashion+-music+-movies+-hollywood+-gaming+-science+-culture+-arts+-obituary+-recipe+-review+-local+-business&hl=en
2,Asia,India,Times of India,English,timesofindia.indiatimes.com,https://news.google.com/rss/search?q=site%3Atimesofindia.indiatimes.com+-sports+-entertainment+-celebrity+-lifestyle+-health+-weather+-travel+-food+-fashion+-music+-movies+-hollywood+-gaming+-science+-culture+-arts+-obituary+-recipe+-review+-local+-business&hl=en
2,Asia,India,The Hindu,English,thehindu.com,https://news.google.com/rss/search?q=site%3Athehindu.com+-sports+-entertainment+-celebrity+-lifestyle+-health+-weather+-travel+-food+-fashion+-music+-movies+-hollywood+-gaming+-science+-culture+-arts+-obituary+-recipe+-review+-local+-business&hl=en
2,Asia,India,Hindustan Times,English,hindustantimes.com,https://news.google.com/rss/search?q=site%3Ahindustantimes.com+-sports+-entertainment+-celebrity+-lifestyle+-health+-weather+-travel+-food+-fashion+-music+-movies+-hollywood+-gaming+-science+-culture+-arts+-obituary+-recipe+-review+-local+-business&hl=en
2,Asia,India,NDTV,English,ndtv.com,https://news.google.com/rss/search?q=site%3Andtv.com+-sports+-entertainment+-celebrity+-lifestyle+-health+-weather+-travel+-food+-fashion+-music+-movies+-hollywood+-gaming+-science+-culture+-arts+-obituary+-recipe+-review+-local+-business&hl=en
2,Asia,India,Indian Express,English,indianexpress.com,https://news.google.com/rss/search?q=site%3Aindianexpress.com+-sports+-entertainment+-celebrity+-lifestyle+-health+-weather+-travel+-food+-fashion+-music+-movies+-hollywood+-gaming+-science+-culture+-arts+-obituary+-recipe+-review+-local+-business&hl=en
2,Asia,India,DD India,English,ddindia.gov.in,https://news.google.com/rss/search?q=site%3Addindia.gov.in+-sports+-entertainment+-celebrity+-lifestyle+-health+-weather+-travel+-food+-fashion+-music+-movies+-hollywood+-gaming+-science+-culture+-arts+-obituary+-recipe+-review+-local+-business&hl=en
2,Asia,India,Republic TV,English,republic.tv,https://news.google.com/rss/search?q=site%3Arepublic.tv+-sports+-entertainment+-celebrity+-lifestyle+-health+-weather+-travel+-food+-fashion+-music+-movies+-hollywood+-gaming+-science+-culture+-arts+-obituary+-recipe+-review+-local+-business&hl=en
2,Asia,Japan,NHK World,English,nhk.or.jp,https://news.google.com/rss/search?q=site%3Anhk.or.jp+-sports+-entertainment+-celebrity+-lifestyle+-health+-weather+-travel+-food+-fashion+-music+-movies+-hollywood+-gaming+-science+-culture+-arts+-obituary+-recipe+-review+-local+-business&hl=en
2,Asia,Japan,Japan Times,English,japantimes.co.jp,https://news.google.com/rss/search?q=site%3Ajapantimes.co.jp+-sports+-entertainment+-celebrity+-lifestyle+-health+-weather+-travel+-food+-fashion+-music+-movies+-hollywood+-gaming+-science+-culture+-arts+-obituary+-recipe+-review+-local+-business&hl=en
2,Asia,Japan,Kyodo News,English,kyodonews.net,https://news.google.com/rss/search?q=site%3Akyodonews.net+-sports+-entertainment+-celebrity+-lifestyle+-health+-weather+-travel+-food+-fashion+-music+-movies+-hollywood+-gaming+-science+-culture+-arts+-obituary+-recipe+-review+-local+-business&hl=en
2,Asia,Japan,Asahi Shimbun,Japanese,asahi.com,https://news.google.com/rss/search?q=site%3Aasahi.com+-sports+-entertainment+-celebrity+-lifestyle+-health+-weather+-travel+-food+-fashion+-music+-movies+-hollywood+-gaming+-science+-culture+-arts+-obituary+-recipe+-review+-local+-business&hl=ja
2,Asia,South Korea,Yonhap,English,yna.co.kr,https://news.google.com/rss/search?q=site%3Ayna.co.kr+-sports+-entertainment+-celebrity+-lifestyle+-health+-weather+-travel+-food+-fashion+-music+-movies+-hollywood+-gaming+-science+-culture+-arts+-obituary+-recipe+-review+-local+-business&hl=en
2,Asia,South Korea,Korea Herald,English,koreaherald.com,https://news.google.com/rss/search?q=site%3Akoreaherald.com+-sports+-entertainment+-celebrity+-lifestyle+-health+-weather+-travel+-food+-fashion+-music+-movies+-hollywood+-gaming+-science+-culture+-arts+-obituary+-recipe+-review+-local+-business&hl=en
2,Asia,South Korea,KBS World,English,world.kbs.co.kr,https://news.google.com/rss/search?q=site%3Aworld.kbs.co.kr+-sports+-entertainment+-celebrity+-lifestyle+-health+-weather+-travel+-food+-fashion+-music+-movies+-hollywood+-gaming+-science+-culture+-arts+-obituary+-recipe+-review+-local+-business&hl=en
3,Middle East,Saudi Arabia,Al Arabiya,English,alarabiya.net,https://news.google.com/rss/search?q=site%3Aalarabiya.net+-sports+-entertainment+-celebrity+-lifestyle+-health+-weather+-travel+-food+-fashion+-music+-movies+-hollywood+-gaming+-science+-culture+-arts+-obituary+-recipe+-review+-local+-business&hl=en
3,Middle East,Saudi Arabia,Arab News,English,arabnews.com,https://news.google.com/rss/search?q=site%3Aarabnews.com+-sports+-entertainment+-celebrity+-lifestyle+-health+-weather+-travel+-food+-fashion+-music+-movies+-hollywood+-gaming+-science+-culture+-arts+-obituary+-recipe+-review+-local+-business&hl=en
3,Middle East,Saudi Arabia,Al Arabiya,Arabic,alarabiya.net,https://news.google.com/rss/search?q=site%3Aalarabiya.net+-sports+-entertainment+-celebrity+-lifestyle+-health+-weather+-travel+-food+-fashion+-music+-movies+-hollywood+-gaming+-science+-culture+-arts+-obituary+-recipe+-review+-local+-business&hl=ar
3,Middle East,Qatar,Al Jazeera,English,aljazeera.com,https://news.google.com/rss/search?q=site%3Aaljazeera.com+-sports+-entertainment+-celebrity+-lifestyle+-health+-weather+-travel+-food+-fashion+-music+-movies+-hollywood+-gaming+-science+-culture+-arts+-obituary+-recipe+-review+-local+-business&hl=en
3,Middle East,Qatar,Al Jazeera,Arabic,aljazeera.net,https://news.google.com/rss/search?q=site%3Aaljazeera.net+-sports+-entertainment+-celebrity+-lifestyle+-health+-weather+-travel+-food+-fashion+-music+-movies+-hollywood+-gaming+-science+-culture+-arts+-obituary+-recipe+-review+-local+-business&hl=ar
3,Middle East,Qatar,Gulf Times,English,gulf-times.com,https://news.google.com/rss/search?q=site%3Agulf-times.com+-sports+-entertainment+-celebrity+-lifestyle+-health+-weather+-travel+-food+-fashion+-music+-movies+-hollywood+-gaming+-science+-culture+-arts+-obituary+-recipe+-review+-local+-business&hl=en
3,Middle East,Iran,Press TV,English,presstv.ir,https://news.google.com/rss/search?q=site%3Apresstv.ir+-sports+-entertainment+-celebrity+-lifestyle+-health+-weather+-travel+-food+-fashion+-music+-movies+-hollywood+-gaming+-science+-culture+-arts+-obituary+-recipe+-review+-local+-business&hl=en
3,Middle East,Iran,IRNA,English,irna.ir,https://news.google.com/rss/search?q=site%3Airna.ir+-sports+-entertainment+-celebrity+-lifestyle+-health+-weather+-travel+-food+-fashion+-music+-movies+-hollywood+-gaming+-science+-culture+-arts+-obituary+-recipe+-review+-local+-business&hl=en
3,Middle East,Iran,Fars News,English,farsnews.ir,https://news.google.com/rss/search?q=site%3Afarsnews.ir+-sports+-entertainment+-celebrity+-lifestyle+-health+-weather+-travel+-food+-fashion+-music+-movies+-hollywood+-gaming+-science+-culture+-arts+-obituary+-recipe+-review+-local+-business&hl=en
3,Middle East,Iran,Tasnim News,English,tasnimnews.com,https://news.google.com/rss/search?q=site%3Atasnimnews.com+-sports+-entertainment+-celebrity+-lifestyle+-health+-weather+-travel+-food+-fashion+-music+-movies+-hollywood+-gaming+-science+-culture+-arts+-obituary+-recipe+-review+-local+-business&hl=en
3,Middle East,Israel,i24NEWS,English,i24news.tv,https://news.google.com/rss/search?q=site%3Ai24news.tv+-sports+-entertainment+-celebrity+-lifestyle+-health+-weather+-travel+-food+-fashion+-music+-movies+-hollywood+-gaming+-science+-culture+-arts+-obituary+-recipe+-review+-local+-business&hl=en
3,Middle East,Israel,Times of Israel,English,timesofisrael.com,https://news.google.com/rss/search?q=site%3Atimesofisrael.com+-sports+-entertainment+-celebrity+-lifestyle+-health+-weather+-travel+-food+-fashion+-music+-movies+-hollywood+-gaming+-science+-culture+-arts+-obituary+-recipe+-review+-local+-business&hl=en
3,Middle East,Israel,Haaretz,English,haaretz.com,https://news.google.com/rss/search?q=site%3Ahaaretz.com+-sports+-entertainment+-celebrity+-lifestyle+-health+-weather+-travel+-food+-fashion+-music+-movies+-hollywood+-gaming+-science+-culture+-arts+-obituary+-recipe+-review+-local+-business&hl=en
3,Middle East,Israel,Jerusalem Post,English,jpost.com,https://news.google.com/rss/search?q=site%3Ajpost.com+-sports+-entertainment+-celebrity+-lifestyle+-health+-weather+-travel+-food+-fashion+-music+-movies+-hollywood+-gaming+-science+-culture+-arts+-obituary+-recipe+-review+-local+-business&hl=en
3,Middle East,Turkey,TRT World,English,trtworld.com,https://news.google.com/rss/search?q=site%3Atrtworld.com+-sports+-entertainment+-celebrity+-lifestyle+-health+-weather+-travel+-food+-fashion+-music+-movies+-hollywood+-gaming+-science+-culture+-arts+-obituary+-recipe+-review+-local+-business&hl=en
3,Middle East,Turkey,Daily Sabah,English,dailysabah.com,https://news.google.com/rss/search?q=site%3Adailysabah.com+-sports+-entertainment+-celebrity+-lifestyle+-health+-weather+-travel+-food+-fashion+-music+-movies+-hollywood+-gaming+-science+-culture+-arts+-obituary+-recipe+-review+-local+-business&hl=en
3,Middle East,Turkey,Anadolu Agency,English,aa.com.tr,https://news.google.com/rss/search?q=site%3Aaa.com.tr+-sports+-entertainment+-celebrity+-lifestyle+-health+-weather+-travel+-food+-fashion+-music+-movies+-hollywood+-gaming+-science+-culture+-arts+-obituary+-recipe+-review+-local+-business&hl=en
3,Middle East,UAE,The National,English,thenationalnews.com,https://news.google.com/rss/search?q=site%3Athenationalnews.com+-sports+-entertainment+-celebrity+-lifestyle+-health+-weather+-travel+-food+-fashion+-music+-movies+-hollywood+-gaming+-science+-culture+-arts+-obituary+-recipe+-review+-local+-business&hl=en
3,Middle East,UAE,Gulf News,English,gulfnews.com,https://news.google.com/rss/search?q=site%3Agulfnews.com+-sports+-entertainment+-celebrity+-lifestyle+-health+-weather+-travel+-food+-fashion+-music+-movies+-hollywood+-gaming+-science+-culture+-arts+-obituary+-recipe+-review+-local+-business&hl=en
3,Middle East,UAE,Khaleej Times,English,khaleejtimes.com,https://news.google.com/rss/search?q=site%3Akhaleejtimes.com+-sports+-entertainment+-celebrity+-lifestyle+-health+-weather+-travel+-food+-fashion+-music+-movies+-hollywood+-gaming+-science+-culture+-arts+-obituary+-recipe+-review+-local+-business&hl=en
3,Middle East,Egypt,Al-Ahram,English,ahram.org.eg,https://news.google.com/rss/search?q=site%3Aahram.org.eg+-sports+-entertainment+-celebrity+-lifestyle+-health+-weather+-travel+-food+-fashion+-music+-movies+-hollywood+-gaming+-science+-culture+-arts+-obituary+-recipe+-review+-local+-business&hl=en
3,Middle East,Egypt,Egypt Today,English,egypttoday.com,https://news.google.com/rss/search?q=site%3Aegypttoday.com+-sports+-entertainment+-celebrity+-lifestyle+-health+-weather+-travel+-food+-fashion+-music+-movies+-hollywood+-gaming+-science+-culture+-arts+-obituary+-recipe+-review+-local+-business&hl=en
3,Middle East,Egypt,Al-Ahram,Arabic,ahram.org.eg,https://news.google.com/rss/search?q=site%3Aahram.org.eg+-sports+-entertainment+-celebrity+-lifestyle+-health+-weather+-travel+-food+-fashion+-music+-movies+-hollywood+-gaming+-science+-culture+-arts+-obituary+-recipe+-review+-local+-business&hl=ar
4,Oceania,Australia,ABC News,English,abc.net.au,https://news.google.com/rss/search?q=site%3Aabc.net.au+-sports+-entertainment+-celebrity+-lifestyle+-health+-weather+-travel+-food+-fashion+-music+-movies+-hollywood+-gaming+-science+-culture+-arts+-obituary+-recipe+-review+-local+-business&hl=en
4,Oceania,Australia,The Australian,English,theaustralian.com.au,https://news.google.com/rss/search?q=site%3Atheaustralian.com.au+-sports+-entertainment+-celebrity+-lifestyle+-health+-weather+-travel+-food+-fashion+-music+-movies+-hollywood+-gaming+-science+-culture+-arts+-obituary+-recipe+-review+-local+-business&hl=en
4,Oceania,Australia,Sydney Morning Herald,English,smh.com.au,https://news.google.com/rss/search?q=site%3Asmh.com.au+-sports+-entertainment+-celebrity+-lifestyle+-health+-weather+-travel+-food+-fashion+-music+-movies+-hollywood+-gaming+-science+-culture+-arts+-obituary+-recipe+-review+-local+-business&hl=en
4,North America,Canada,CBC,English,cbc.ca,https://news.google.com/rss/search?q=site%3Acbc.ca+-sports+-entertainment+-celebrity+-lifestyle+-health+-weather+-travel+-food+-fashion+-music+-movies+-hollywood+-gaming+-science+-culture+-arts+-obituary+-recipe+-review+-local+-business&hl=en
4,North America,Canada,Globe and Mail,English,theglobeandmail.com,https://news.google.com/rss/search?q=site%3Atheglobeandmail.com+-sports+-entertainment+-celebrity+-lifestyle+-health+-weather+-travel+-food+-fashion+-music+-movies+-hollywood+-gaming+-science+-culture+-arts+-obituary+-recipe+-review+-local+-business&hl=en
4,North America,Canada,CTV News,English,ctv.ca,https://news.google.com/rss/search?q=site%3Actv.ca+-sports+-entertainment+-celebrity+-lifestyle+-health+-weather+-travel+-food+-fashion+-music+-movies+-hollywood+-gaming+-science+-culture+-arts+-obituary+-recipe+-review+-local+-business&hl=en
4,Latin America,Brazil,Folha de S.Paulo,Portuguese,folha.uol.com.br,https://news.google.com/rss/search?q=site%3Afolha.uol.com.br+-sports+-entertainment+-celebrity+-lifestyle+-health+-weather+-travel+-food+-fashion+-music+-movies+-hollywood+-gaming+-science+-culture+-arts+-obituary+-recipe+-review+-local+-business&hl=pt
4,Latin America,Brazil,O Estado de S. Paulo,Portuguese,estadao.com.br,https://news.google.com/rss/search?q=site%3Aestadao.com.br+-sports+-entertainment+-celebrity+-lifestyle+-health+-weather+-travel+-food+-fashion+-music+-movies+-hollywood+-gaming+-science+-culture+-arts+-obituary+-recipe+-review+-local+-business&hl=pt
4,Latin America,Brazil,O Globo,Portuguese,oglobo.globo.com,https://news.google.com/rss/search?q=site%3Aoglobo.globo.com+-sports+-entertainment+-celebrity+-lifestyle+-health+-weather+-travel+-food+-fashion+-music+-movies+-hollywood+-gaming+-science+-culture+-arts+-obituary+-recipe+-review+-local+-business&hl=pt
4,Latin America,Brazil,Brazil Reports,English,brazilreports.com,https://news.google.com/rss/search?q=site%3Abrazilreports.com+-sports+-entertainment+-celebrity+-lifestyle+-health+-weather+-travel+-food+-fashion+-music+-movies+-hollywood+-gaming+-science+-culture+-arts+-obituary+-recipe+-review+-local+-business&hl=en
4,North America,Mexico,El Universal,Spanish,eluniversal.com.mx,https://news.google.com/rss/search?q=site%3Aeluniversal.com.mx+-sports+-entertainment+-celebrity+-lifestyle+-health+-weather+-travel+-food+-fashion+-music+-movies+-hollywood+-gaming+-science+-culture+-arts+-obituary+-recipe+-review+-local+-business&hl=es
4,North America,Mexico,Reforma,Spanish,reforma.com,https://news.google.com/rss/search?q=site%3Areforma.com+-sports+-entertainment+-celebrity+-lifestyle+-health+-weather+-travel+-food+-fashion+-music+-movies+-hollywood+-gaming+-science+-culture+-arts+-obituary+-recipe+-review+-local+-business&hl=es
4,North America,Mexico,Mexico News Daily,English,mexiconewsdaily.com,https://news.google.com/rss/search?q=site%3Amexiconewsdaily.com+-sports+-entertainment+-celebrity+-lifestyle+-health+-weather+-travel+-food+-fashion+-music+-movies+-hollywood+-gaming+-science+-culture+-arts+-obituary+-recipe+-review+-local+-business&hl=en
4,Latin America,Argentina,La Nación,Spanish,lanacion.com.ar,https://news.google.com/rss/search?q=site%3Alanacion.com.ar+-sports+-entertainment+-celebrity+-lifestyle+-health+-weather+-travel+-food+-fashion+-music+-movies+-hollywood+-gaming+-science+-culture+-arts+-obituary+-recipe+-review+-local+-business&hl=es
4,Latin America,Argentina,Clarín,Spanish,clarin.com,https://news.google.com/rss/search?q=site%3Aclarin.com+-sports+-entertainment+-celebrity+-lifestyle+-health+-weather+-travel+-food+-fashion+-music+-movies+-hollywood+-gaming+-science+-culture+-arts+-obituary+-recipe+-review+-local+-business&hl=es
5,Africa,South Africa,News24,English,news24.com,https://news.google.com/rss/search?q=site%3Anews24.com+-sports+-entertainment+-celebrity+-lifestyle+-health+-weather+-travel+-food+-fashion+-music+-movies+-hollywood+-gaming+-science+-culture+-arts+-obituary+-recipe+-review+-local+-business&hl=en
5,Africa,South Africa,Daily Maverick,English,dailymaverick.co.za,https://news.google.com/rss/search?q=site%3Adailymaverick.co.za+-sports+-entertainment+-celebrity+-lifestyle+-health+-weather+-travel+-food+-fashion+-music+-movies+-hollywood+-gaming+-science+-culture+-arts+-obituary+-recipe+-review+-local+-business&hl=en
5,Africa,South Africa,SABC News,English,sabcnews.com,https://news.google.com/rss/search?q=site%3Asabcnews.com+-sports+-entertainment+-celebrity+-lifestyle+-health+-weather+-travel+-food+-fashion+-music+-movies+-hollywood+-gaming+-science+-culture+-arts+-obituary+-recipe+-review+-local+-business&hl=en
5,Africa,South Africa,Mail & Guardian,English,mg.co.za,https://news.google.com/rss/search?q=site%3Amg.co.za+-sports+-entertainment+-celebrity+-lifestyle+-health+-weather+-travel+-food+-fashion+-music+-movies+-hollywood+-gaming+-science+-culture+-arts+-obituary+-recipe+-review+-local+-business&hl=en
5,Africa,Nigeria,Vanguard,English,vanguardngr.com,https://news.google.com/rss/search?q=site%3Avanguardngr.com+-sports+-entertainment+-celebrity+-lifestyle+-health+-weather+-travel+-food+-fashion+-music+-movies+-hollywood+-gaming+-science+-culture+-arts+-obituary+-recipe+-review+-local+-business&hl=en
5,Africa,Nigeria,The Nation,English,nation.com.ng,https://news.google.com/rss/search?q=site%3Anation.com.ng+-sports+-entertainment+-celebrity+-lifestyle+-health+-weather+-travel+-food+-fashion+-music+-movies+-hollywood+-gaming+-science+-culture+-arts+-obituary+-recipe+-review+-local+-business&hl=en
5,Africa,Nigeria,Punch,English,punchng.com,https://news.google.com/rss/search?q=site%3Apunchng.com+-sports+-entertainment+-celebrity+-lifestyle+-health+-weather+-travel+-food+-fashion+-music+-movies+-hollywood+-gaming+-science+-culture+-arts+-obituary+-recipe+-review+-local+-business&hl=en
5,Africa,Kenya,Daily Nation,English,nation.africa,https://news.google.com/rss/search?q=site%3Anation.africa+-sports+-entertainment+-celebrity+-lifestyle+-health+-weather+-travel+-food+-fashion+-music+-movies+-hollywood+-gaming+-science+-culture+-arts+-obituary+-recipe+-review+-local+-business&hl=en
5,Africa,Kenya,The Standard,English,standardmedia.co.ke,https://news.google.com/rss/search?q=site%3Astandardmedia.co.ke+-sports+-entertainment+-celebrity+-lifestyle+-health+-weather+-travel+-food+-fashion+-music+-movies+-hollywood+-gaming+-science+-culture+-arts+-obituary+-recipe+-review+-local+-business&hl=en
6,Asia,Indonesia,Jakarta Post,English,thejakartapost.com,https://news.google.com/rss/search?q=site%3Athejakartapost.com+-sports+-entertainment+-celebrity+-lifestyle+-health+-weather+-travel+-food+-fashion+-music+-movies+-hollywood+-gaming+-science+-culture+-arts+-obituary+-recipe+-review+-local+-business&hl=en
6,Asia,Indonesia,Jakarta Globe,English,jakartaglobe.id,https://news.google.com/rss/search?q=site%3Ajakartaglobe.id+-sports+-entertainment+-celebrity+-lifestyle+-health+-weather+-travel+-food+-fashion+-music+-movies+-hollywood+-gaming+-science+-culture+-arts+-obituary+-recipe+-review+-local+-business&hl=en
6,Asia,Indonesia,Antara News,English,antaranews.com,https://news.google.com/rss/search?q=site%3Aantaranews.com+-sports+-entertainment+-celebrity+-lifestyle+-health+-weather+-travel+-food+-fashion+-music+-movies+-hollywood+-gaming+-science+-culture+-arts+-obituary+-recipe+-review+-local+-business&hl=en
6,Asia,Thailand,Bangkok Post,English,bangkokpost.com,https://news.google.com/rss/search?q=site%3Abangkokpost.com+-sports+-entertainment+-celebrity+-lifestyle+-health+-weather+-travel+-food+-fashion+-music+-movies+-hollywood+-gaming+-science+-culture+-arts+-obituary+-recipe+-review+-local+-business&hl=en
6,Asia,Thailand,The Nation Thailand,English,nationthai.com,https://news.google.com/rss/search?q=site%3Anationthai.com+-sports+-entertainment+-celebrity+-lifestyle+-health+-weather+-travel+-food+-fashion+-music+-movies+-hollywood+-gaming+-science+-culture+-arts+-obituary+-recipe+-review+-local+-business&hl=en
6,Asia,Vietnam,VN Express,English,e.vnexpress.net,https://news.google.com/rss/search?q=site%3Ae.vnexpress.net+-sports+-entertainment+-celebrity+-lifestyle+-health+-weather+-travel+-food+-fashion+-music+-movies+-hollywood+-gaming+-science+-culture+-arts+-obituary+-recipe+-review+-local+-business&hl=en
6,Asia,Vietnam,Vietnam News,English,vietnamnews.vn,https://news.google.com/rss/search?q=site%3Avietnamnews.vn+-sports+-entertainment+-celebrity+-lifestyle+-health+-weather+-travel+-food+-fashion+-music+-movies+-hollywood+-gaming+-science+-culture+-arts+-obituary+-recipe+-review+-local+-business&hl=en
6,Asia,Singapore,Straits Times,English,straitsitimes.com,https://news.google.com/rss/search?q=site%3Astraitsitimes.com+-sports+-entertainment+-celebrity+-lifestyle+-health+-weather+-travel+-food+-fashion+-music+-movies+-hollywood+-gaming+-science+-culture+-arts+-obituary+-recipe+-review+-local+-business&hl=en
6,Asia,Singapore,Channel NewsAsia,English,channelnewsasia.com,https://news.google.com/rss/search?q=site%3Achannelnewsasia.com+-sports+-entertainment+-celebrity+-lifestyle+-health+-weather+-travel+-food+-fashion+-music+-movies+-hollywood+-gaming+-science+-culture+-arts+-obituary+-recipe+-review+-local+-business&hl=en
6,Asia,Malaysia,New Straits Times,English,nst.com.my,https://news.google.com/rss/search?q=site%3Anst.com.my+-sports+-entertainment+-celebrity+-lifestyle+-health+-weather+-travel+-food+-fashion+-music+-movies+-hollywood+-gaming+-science+-culture+-arts+-obituary+-recipe+-review+-local+-business&hl=en
6,Asia,Malaysia,The Star,English,thestar.com.my,https://news.google.com/rss/search?q=site%3Athestar.com.my+-sports+-entertainment+-celebrity+-lifestyle+-health+-weather+-travel+-food+-fashion+-music+-movies+-hollywood+-gaming+-science+-culture+-arts+-obituary+-recipe+-review+-local+-business&hl=en
6,Asia,Philippines,Philippine Daily Inquirer,English,inquirer.net,https://news.google.com/rss/search?q=site%3Ainquirer.net+-sports+-entertainment+-celebrity+-lifestyle+-health+-weather+-travel+-food+-fashion+-music+-movies+-hollywood+-gaming+-science+-culture+-arts+-obituary+-recipe+-review+-local+-business&hl=en
6,Asia,Philippines,Manila Bulletin,English,mb.com.ph,https://news.google.com/rss/search?q=site%3Amb.com.ph+-sports+-entertainment+-celebrity+-lifestyle+-health+-weather+-travel+-food+-fashion+-music+-movies+-hollywood+-gaming+-science+-culture+-arts+-obituary+-recipe+-review+-local+-business&hl=en
7,Asia,Pakistan,Dawn,English,dawn.com,https://news.google.com/rss/search?q=site%3Adawn.com+-sports+-entertainment+-celebrity+-lifestyle+-health+-weather+-travel+-food+-fashion+-music+-movies+-hollywood+-gaming+-science+-culture+-arts+-obituary+-recipe+-review+-local+-business&hl=en
7,Asia,Pakistan,The News,English,thenews.com.pk,https://news.google.com/rss/search?q=site%3Athenews.com.pk+-sports+-entertainment+-celebrity+-lifestyle+-health+-weather+-travel+-food+-fashion+-music+-movies+-hollywood+-gaming+-science+-culture+-arts+-obituary+-recipe+-review+-local+-business&hl=en
7,Asia,Pakistan,Express Tribune,English,tribune.com.pk,https://news.google.com/rss/search?q=site%3Atribune.com.pk+-sports+-entertainment+-celebrity+-lifestyle+-health+-weather+-travel+-food+-fashion+-music+-movies+-hollywood+-gaming+-science+-culture+-arts+-obituary+-recipe+-review+-local+-business&hl=en
7,Asia,Bangladesh,Daily Star,English,thedailystar.net,https://news.google.com/rss/search?q=site%3Athedailystar.net+-sports+-entertainment+-celebrity+-lifestyle+-health+-weather+-travel+-food+-fashion+-music+-movies+-hollywood+-gaming+-science+-culture+-arts+-obituary+-recipe+-review+-local+-business&hl=en
7,Asia,Bangladesh,Dhaka Tribune,English,dhakatribune.com,https://news.google.com/rss/search?q=site%3Adhakatribune.com+-sports+-entertainment+-celebrity+-lifestyle+-health+-weather+-travel+-food+-fashion+-music+-movies+-hollywood+-gaming+-science+-culture+-arts+-obituary+-recipe+-review+-local+-business&hl=en
7,Asia,Sri Lanka,Daily Mirror,English,dailymirror.lk,https://news.google.com/rss/search?q=site%3Adailymirror.lk+-sports+-entertainment+-celebrity+-lifestyle+-health+-weather+-travel+-food+-fashion+-music+-movies+-hollywood+-gaming+-science+-culture+-arts+-obituary+-recipe+-review+-local+-business&hl=en
8,Europe,Poland,Warsaw Business Journal,English,wbj.pl,https://news.google.com/rss/search?q=site%3Awbj.pl+-sports+-entertainment+-celebrity+-lifestyle+-health+-weather+-travel+-food+-fashion+-music+-movies+-hollywood+-gaming+-science+-culture+-arts+-obituary+-recipe+-review+-local+-business&hl=en
8,Europe,Poland,The First News,English,thefirstnews.com,https://news.google.com/rss/search?q=site%3Athefirstnews.com+-sports+-entertainment+-celebrity+-lifestyle+-health+-weather+-travel+-food+-fashion+-music+-movies+-hollywood+-gaming+-science+-culture+-arts+-obituary+-recipe+-review+-local+-business&hl=en
8,Europe,Ukraine,Kyiv Post,English,kyivpost.com,https://news.google.com/rss/search?q=site%3Akyivpost.com+-sports+-entertainment+-celebrity+-lifestyle+-health+-weather+-travel+-food+-fashion+-music+-movies+-hollywood+-gaming+-science+-culture+-arts+-obituary+-recipe+-review+-local+-business&hl=en
8,Europe,Ukraine,Ukraine World,English,ukraineworld.org,https://news.google.com/rss/search?q=site%3Aukraineworld.org+-sports+-entertainment+-celebrity+-lifestyle+-health+-weather+-travel+-food+-fashion+-music+-movies+-hollywood+-gaming+-science+-culture+-arts+-obituary+-recipe+-review+-local+-business&hl=en
8,Central Asia,Kazakhstan,The Astana Times,English,astanatimes.com,https://news.google.com/rss/search?q=site%3Aastanatimes.com+-sports+-entertainment+-celebrity+-lifestyle+-health+-weather+-travel+-food+-fashion+-music+-movies+-hollywood+-gaming+-science+-culture+-arts+-obituary+-recipe+-review+-local+-business&hl=en
9,International,United Nations,UN News,English,unews.org,https://news.google.com/rss/search?q=site%3Aunews.org+-sports+-entertainment+-celebrity+-lifestyle+-health+-weather+-travel+-food+-fashion+-music+-movies+-hollywood+-gaming+-science+-culture+-arts+-obituary+-recipe+-review+-local+-business&hl=en
9,International,World Bank,World Bank News,English,worldbank.org,https://news.google.com/rss/search?q=site%3Aworldbank.org+-sports+-entertainment+-celebrity+-lifestyle+-health+-weather+-travel+-food+-fashion+-music+-movies+-hollywood+-gaming+-science+-culture+-arts+-obituary+-recipe+-review+-local+-business&hl=en
9,International,NATO,NATO News,English,nato.int,https://news.google.com/rss/search?q=site%3Anato.int+-sports+-entertainment+-celebrity+-lifestyle+-health+-weather+-travel+-food+-fashion+-music+-movies+-hollywood+-gaming+-science+-culture+-arts+-obituary+-recipe+-review+-local+-business&hl=en
9,International,BRICS,BRICS Info,English,bricsinfo.org,https://news.google.com/rss/search?q=site%3Abricsinfo.org+-sports+-entertainment+-celebrity+-lifestyle+-health+-weather+-travel+-food+-fashion+-music+-movies+-hollywood+-gaming+-science+-culture+-arts+-obituary+-recipe+-review+-local+-business&hl=en